{"cameraMode":{"drawMode":0,"name":"Shaded","section":"Shading Mode"},"sceneLighting":true,"audioPlay":false,"sceneViewState":{"showFog":true,"showMaterialUpdate":false,"showSkybox":true,"showFlares":true,"showImageEffects":true,"showParticleSystems":true},"in2DMode":false,"pivot":{"x":146.94345092773438,"y":5.298591613769531,"z":76.27897644042969},"rotation":{"x":-0.16083817183971406,"y":0.676508367061615,"z":-0.155056893825531,"w":-0.7017341256141663},"size":13.943731307983399,"orthographic":false}